customer_id,satisfaction_score,churn_label,churn_score,cltv,churn_category
8779-qrdmv,3,1,91,5433,competitor
7495-ookfy,3,1,69,5302,competitor
1658-bygoy,2,1,81,3179,competitor
4598-xlknj,2,1,88,5337,dissatisfaction
4846-whafz,2,1,67,2793,price
4412-yltkf,1,1,95,4638,competitor
0390-dcfdq,2,1,76,3964,other
3445-hxxgf,1,1,91,5444,dissatisfaction
2656-fmokz,2,1,91,5717,dissatisfaction
2070-fnexe,2,1,81,4419,price
0094-oifmo,1,1,85,5980,dissatisfaction
9947-otfqu,1,1,86,4616,competitor
9514-jdski,2,1,65,5828,dissatisfaction
7273-tefqd,2,1,96,2314,price
3606-twkgi,1,1,84,2494,competitor
4385-gzqxv,1,1,81,3810,competitor
3488-pgmqj,2,1,80,4345,dissatisfaction
7534-bfesc,2,1,91,2018,competitor
8098-llazx,3,1,85,3677,competitor
0265-edxbd,2,1,69,4105,attitude
2840-xanrc,2,1,73,2212,competitor
5020-zstty,1,1,83,4149,competitor
5804-lepim,3,1,73,2671,other
0623-iihug,1,1,90,4778,competitor
9057-mswco,1,1,91,2927,competitor
4895-tmwir,1,1,80,5888,competitor
0533-bnwkf,1,1,91,5502,competitor
0334-gddso,1,1,73,2818,competitor
5564-nemqo,2,1,67,4902,dissatisfaction
6235-vdhom,2,1,89,4099,dissatisfaction
5609-cebid,1,1,87,2666,competitor
5956-vkdtt,1,1,82,5273,dissatisfaction
0257-zesqc,1,1,91,4517,attitude
2865-tchjw,1,1,74,5808,competitor
5192-ebgov,1,1,66,4880,competitor
3419-snjjd,1,1,91,4196,attitude
4554-ygzih,2,1,96,5059,competitor
5099-bailx,2,1,65,2728,competitor
4913-ehyui,1,1,91,6268,competitor
1626-ercmm,1,1,84,5604,competitor
5644-pdmzc,2,1,80,2065,attitude
4160-amjtl,2,1,83,5432,attitude
0823-hscdj,2,1,90,5597,competitor
0067-dkwbl,2,1,95,3475,competitor
5244-irfih,3,1,91,4333,other
2684-eiweo,1,1,90,2482,competitor
6683-vlctz,3,1,92,5444,competitor
0691-ifbqw,1,1,81,2403,competitor
3643-ahcfp,3,1,83,3265,competitor
9231-zjyam,3,1,72,5301,other
0727-bmplr,3,1,83,5679,competitor
0947-mugvo,1,1,95,5849,competitor
0781-lkxbr,1,1,70,4038,competitor
1907-ubqfc,1,1,91,3189,competitor
6513-eecdb,2,1,94,4369,price
7074-ievoj,1,1,91,3501,dissatisfaction
4750-zrxiu,1,1,83,2467,competitor
7028-dvoiq,1,1,82,2074,other
4208-uffgw,2,1,84,5900,other
9889-tmahg,1,1,74,5084,competitor
8919-fyfqz,1,1,96,4829,competitor
6646-qvxlr,1,1,91,5052,competitor
9369-xfehk,2,1,72,3601,competitor
1374-dmzui,2,1,91,5419,competitor
1989-prjhp,1,1,65,2377,competitor
4822-rvybb,1,1,90,5906,attitude
4184-tjfan,1,1,68,4486,attitude
4145-uqxuq,1,1,81,5662,competitor
1236-wfcdv,3,1,96,4777,competitor
1271-sjbgz,1,1,74,2437,competitor
4441-nihpt,1,1,90,2995,competitor
8999-bohse,2,1,89,2202,attitude
7029-rpuav,3,1,87,5508,competitor
8111-sllhi,3,1,96,4687,attitude
5293-wxjak,3,1,82,4553,competitor
4086-yqsnz,2,1,89,3834,attitude
8399-yndch,1,1,70,4716,competitor
5565-filxa,2,1,96,5913,other
4187-cinzd,2,1,90,3180,competitor
6818-wobhj,1,1,69,5651,competitor
9134-ceqmf,2,1,89,3077,dissatisfaction
8519-imdhu,1,1,83,4981,competitor
3372-kwfbm,3,1,81,2508,dissatisfaction
7206-gzcdc,2,1,75,4371,attitude
1768-zaifu,1,1,67,5688,competitor
3793-mmfuh,1,1,90,2230,competitor
6567-hoopw,3,1,76,4363,competitor
8621-mnihh,1,1,88,3369,competitor
5419-conwx,1,1,89,2268,competitor
7024-ohcck,3,1,72,4193,other
5357-tzhpp,2,1,83,5745,attitude
0506-lvngn,1,1,90,4028,competitor
9809-imgcq,1,1,93,4458,competitor
3254-yrilk,1,1,69,5683,competitor
0529-onker,3,1,96,2099,attitude
5240-ijoqt,1,1,88,3348,competitor
0661-xeyan,1,1,90,3884,competitor
2660-emubi,1,1,75,5353,competitor
7675-ozczg,3,1,77,4145,competitor
9391-eoyli,2,1,69,5374,competitor
2761-ociax,2,1,81,2803,competitor
3068-omwza,1,1,91,3106,competitor
4154-aqugt,1,1,82,3861,competitor
8017-lxhfa,2,1,95,2740,competitor
4248-qpavc,1,1,90,3209,competitor
4690-llkua,1,1,93,3797,competitor
9490-dfpmd,2,1,90,4871,competitor
8580-aecuz,3,1,92,5001,competitor
5047-lhvly,2,1,91,3438,competitor
8375-dkebr,1,1,96,3438,competitor
7279-buywn,1,1,89,3380,attitude
7156-mhugy,1,1,76,5394,competitor
9606-pbkbq,1,1,94,4584,attitude
3536-iqctx,1,1,75,2712,competitor
3132-tvfdz,2,1,82,5172,attitude
8080-ddemj,2,1,79,4499,attitude
6702-ohfwr,3,1,91,4972,other
4510-pyush,1,1,75,3110,attitude
8840-dqlgn,1,1,81,4745,attitude
4193-orfcl,1,1,70,2740,competitor
7776-qwnfx,3,1,83,4795,attitude
6689-tczhq,3,1,65,4054,attitude
9497-qcmms,1,1,81,5536,competitor
3424-nmnbo,1,1,91,4739,competitor
4514-gfcfi,2,1,91,5136,attitude
8000-reiqb,2,1,94,3208,competitor
4795-ktrth,1,1,91,4287,competitor
9961-jbnmk,1,1,87,4317,dissatisfaction
6179-gjpso,1,1,86,2833,competitor
8290-ywkhz,3,1,90,5247,competitor
8051-hjrlt,3,1,82,2146,attitude
4021-rqsny,3,1,72,5137,attitude
9061-tihda,1,1,90,2982,competitor
8699-asufo,3,1,96,4969,attitude
4695-wjzue,1,1,80,3685,competitor
3988-rqixo,3,1,71,2371,attitude
5931-fljjf,2,1,83,3669,attitude
3207-oybwh,2,1,86,6259,attitude
7216-ewtrs,1,1,65,3128,attitude
2528-hfyzx,1,1,92,3266,competitor
4140-muhug,2,1,70,3561,attitude
1587-fklzb,1,1,96,4479,competitor
5440-flbqg,3,1,73,4708,attitude
2774-lvqus,3,1,70,2596,competitor
4612-thjbs,3,1,93,5605,attitude
4094-nsedu,2,1,73,4819,competitor
1846-xwoqn,2,1,71,2825,competitor
3757-njybx,2,1,65,4113,other
9898-kzqdz,1,1,95,5676,competitor
8263-jqaik,3,1,77,5573,competitor
2205-ymzzj,3,1,70,2015,competitor
1254-izeyf,3,1,96,5362,competitor
9221-otivj,1,1,86,2292,dissatisfaction
5908-qmgoe,1,1,80,4553,competitor
0397-gzbbc,2,1,85,5390,price
7641-euyet,1,1,72,5712,dissatisfaction
8922-liegh,3,1,82,4078,dissatisfaction
8245-umpyt,3,1,80,2688,dissatisfaction
5186-samnz,2,1,77,3273,price
5373-sfodm,2,1,82,3041,dissatisfaction
0022-tcjci,1,1,92,2654,dissatisfaction
5130-iekqt,2,1,91,4283,price
3269-atywd,1,1,65,4892,other
0354-wyrok,2,1,91,4050,other
7576-oywbn,1,1,67,2930,competitor
5539-tmzlf,1,1,69,5057,competitor
3336-jorso,1,1,80,3401,dissatisfaction
6861-xwtwq,2,1,90,2487,attitude
4283-futgf,3,1,65,3715,dissatisfaction
2397-brlom,1,1,91,3443,other
8510-awcxc,1,1,65,3269,attitude
8225-btjau,1,1,87,3856,competitor
1724-bquha,2,1,66,2718,attitude
4826-xtsoh,1,1,96,4843,competitor
2408-witxk,1,1,92,3244,other
2634-hczgt,1,1,77,5271,other
7503-qqrvf,1,1,81,2076,competitor
0709-tvgur,1,1,69,3145,competitor
3001-cbhlq,1,1,79,3966,attitude
4102-oqupx,3,1,91,5429,competitor
3999-qgrjh,1,1,88,3068,dissatisfaction
2454-rpbrz,3,1,90,2709,dissatisfaction
2265-cywiv,1,1,77,4708,dissatisfaction
4550-vbofe,1,1,91,5005,competitor
7409-kiutl,3,1,72,5345,competitor
1732-vhubq,3,1,82,4457,competitor
0679-idstg,1,1,87,4568,competitor
8802-unojf,1,1,78,5565,competitor
6313-gidit,2,1,65,6280,price
2845-afftx,1,1,76,4726,dissatisfaction
2815-cptul,2,1,89,3684,price
1891-fzysa,1,1,82,6363,competitor
9685-wkzgt,3,1,70,2075,price
6022-uggso,1,1,90,2091,competitor
3923-csihk,3,1,94,5746,other
3677-iyrbf,1,1,90,4002,attitude
8118-lsuel,1,1,79,5507,dissatisfaction
5277-zloor,3,1,86,5512,dissatisfaction
4248-hcetz,3,1,73,2174,attitude
9174-fkwze,1,1,78,3848,dissatisfaction
5307-dzcvc,3,1,74,2431,price
8679-joevf,1,1,87,5556,price
4803-axvyp,1,1,91,3474,dissatisfaction
5649-anrml,3,1,90,4486,other
7395-igjos,2,1,79,3443,competitor
7890-vyywg,1,1,89,3766,competitor
9907-swkkf,1,1,65,4842,competitor
6397-jnzzg,1,1,85,2573,competitor
7779-lgovn,1,1,84,4990,dissatisfaction
9710-zushq,1,1,92,5849,price
3902-foigh,1,1,68,3967,dissatisfaction
3318-osats,2,1,91,2080,other
2636-alxxz,2,1,74,2151,dissatisfaction
9885-csmwe,1,1,67,2139,dissatisfaction
8058-jmeqo,3,1,95,3543,competitor
7657-dyepj,3,1,82,2645,price
8276-mqbyc,2,1,81,6204,price
6015-vvhhe,3,1,96,2516,dissatisfaction
2516-vqrrv,3,1,65,3350,price
7580-ugxnc,1,1,96,3016,price
5178-lmxop,1,1,70,5795,price
7056-imhcc,1,1,94,5884,price
8749-jmnkx,1,1,83,4788,dissatisfaction
0917-ezola,3,1,74,5925,price
8414-myshr,1,1,78,2834,dissatisfaction
4988-iqigl,3,1,92,4403,attitude
4706-axvkm,2,1,67,5118,price
5889-jtmul,3,1,92,5863,price
9026-rnujs,1,1,81,4618,dissatisfaction
1624-naloj,1,1,88,2960,other
6210-kbbpi,1,1,93,2313,competitor
2260-ustrb,1,1,67,2767,competitor
8623-tmrby,2,1,74,6245,competitor
6900-pxrms,1,1,91,3157,dissatisfaction
3346-brmis,2,1,92,2167,dissatisfaction
2722-jmoni,1,1,76,4989,dissatisfaction
7579-oopec,1,1,78,5461,competitor
1771-oadnz,3,1,95,2151,price
0612-rtzza,2,1,87,4628,price
4433-jcgcg,1,1,88,2436,competitor
9488-hgmjh,3,1,85,5287,competitor
4818-qiufn,1,1,95,4997,attitude
6961-vcpmc,3,1,75,4876,competitor
4424-tkopw,1,1,70,4998,price
4201-jmngr,1,1,87,5527,dissatisfaction
1866-rzzqs,1,1,91,2169,competitor
8631-nbhfz,1,1,73,5910,competitor
4958-xcbdq,3,1,92,3689,competitor
8337-upoaq,2,1,76,5124,competitor
6712-oawrh,3,1,76,5154,attitude
5914-dvbwj,1,1,91,5145,competitor
8644-xlfbw,2,1,84,5674,competitor
1833-vgrum,2,1,71,4684,price
8374-xgejj,1,1,87,3123,dissatisfaction
6946-lmsqs,1,1,90,2673,competitor
4039-heunw,3,1,82,4652,price
0812-wuptb,2,1,69,3022,price
2403-bcasl,2,1,93,3711,other
3871-ikpyh,3,1,83,2767,other
1304-necvq,2,1,92,5203,competitor
5655-jsmzm,2,1,74,5904,attitude
4505-exzhb,1,1,91,3964,competitor
8972-hjwnv,1,1,80,5245,competitor
2860-ranus,1,1,75,3336,price
0406-bpdvr,2,1,68,6405,price
5276-kqwhg,3,1,74,4596,price
9667-eqrxu,2,1,94,3016,other
0946-cljti,1,1,91,4662,competitor
0324-brpcj,1,1,70,4481,competitor
9189-jwshv,2,1,91,4937,price
0576-wnxxc,1,1,75,2999,dissatisfaction
5482-plvpe,1,1,72,3278,competitor
4902-ohlsk,1,1,93,4235,attitude
0495-zbngw,2,1,90,4324,competitor
2357-coqek,2,1,78,4136,competitor
2034-cgrhz,3,1,66,5245,attitude
9360-ahgnl,2,1,69,5863,dissatisfaction
5485-wuywf,1,1,87,4522,price
2632-ucgvd,2,1,72,4512,price
6425-yqllo,2,1,86,6117,other
2091-rffba,1,1,75,2560,attitude
6899-ppeea,2,1,81,4448,attitude
4597-nucqv,3,1,87,4287,attitude
3754-dxmrt,2,1,86,5655,attitude
7130-vtewq,3,1,92,4174,competitor
7903-cmpey,1,1,87,4138,competitor
1704-nrwye,2,1,71,5242,attitude
7481-atqqs,2,1,70,5651,attitude
0023-hghwl,3,1,85,5437,competitor
1792-uxafy,1,1,89,5082,dissatisfaction
6161-uuuta,2,1,90,4367,price
6543-xrmyr,1,1,69,3548,dissatisfaction
2479-bramr,1,1,71,4995,competitor
3714-jtvov,1,1,94,2322,attitude
8580-qvloc,1,1,78,5697,competitor
2012-nwrpa,3,1,71,3172,competitor
8808-eleho,1,1,72,3812,price
9058-cbreo,1,1,95,3357,dissatisfaction
8063-gbatb,1,1,80,5172,competitor
1069-xaiem,1,1,96,2975,competitor
6987-xqsjt,1,1,78,5684,attitude
0722-troqr,1,1,78,2122,price
6402-zfppi,1,1,94,4969,price
9965-yokzb,1,1,71,3723,dissatisfaction
0504-hhapi,3,1,96,2420,other
3791-lgqcy,1,1,85,4803,attitude
8166-zztfs,3,1,94,4400,attitude
2956-ggucq,1,1,65,3079,attitude
2778-oclgr,1,1,89,4591,competitor
7067-ksazt,1,1,69,5965,competitor
9300-agznl,1,1,67,4176,dissatisfaction
1112-cunao,2,1,91,2668,dissatisfaction
3389-ygyai,3,1,72,5546,price
3070-dveyc,2,1,84,5638,attitude
5707-orndz,1,1,79,4656,dissatisfaction
8696-jkznu,3,1,91,5859,other
2055-pdadh,3,1,67,2491,other
2302-antdp,1,1,67,5915,competitor
5233-geeax,1,1,85,5971,competitor
7137-rylpp,2,1,86,4712,competitor
3957-lxolk,1,1,83,5030,competitor
5281-buzgt,1,1,92,5692,competitor
2718-gaxqd,1,1,92,4797,competitor
3217-fzdmn,1,1,83,3676,competitor
7480-qnvzj,3,1,73,4287,dissatisfaction
7124-ugsur,1,1,84,4412,competitor
1862-skory,3,1,91,2296,competitor
4816-jbhov,1,1,91,4618,competitor
3247-zvouo,1,1,81,3336,attitude
1268-asbga,2,1,66,5769,dissatisfaction
4713-lzdrv,3,1,94,4322,price
4325-nfskc,1,1,87,2373,price
6502-hcjti,1,1,75,3591,attitude
8258-gstjk,1,1,96,3128,competitor
2995-uprys,3,1,69,5098,other
6686-ypghk,3,1,68,3645,other
8020-bwhyl,3,1,91,4526,competitor
6892-xpfpu,1,1,80,2104,competitor
8010-ezlou,1,1,76,4958,competitor
8062-ybdoe,2,1,78,5844,other
3672-yitqd,1,1,79,2987,competitor
8988-ecpjr,1,1,66,3980,dissatisfaction
3776-ektkm,3,1,96,5303,dissatisfaction
0643-oklrp,1,1,95,5915,dissatisfaction
9381-ndkme,1,1,85,3843,dissatisfaction
8327-lzkas,2,1,93,4423,dissatisfaction
1075-bgwoh,2,1,87,3392,attitude
8485-gjcdn,3,1,74,3368,competitor
6029-wtipc,1,1,87,4424,competitor
3317-hrtnn,3,1,73,3561,competitor
5569-ouicf,3,1,68,4994,competitor
5747-pmbsq,1,1,77,2415,competitor
2982-ihmft,3,1,67,4291,competitor
5143-egqfk,2,1,89,5702,other
6168-wfvvf,3,1,91,5165,competitor
7450-nwrtr,3,1,91,2819,competitor
6005-obzph,1,1,89,4074,other
7932-wptds,1,1,73,5377,competitor
7000-wcevq,1,1,85,3866,price
5959-belxa,2,1,79,2246,price
2506-tnfco,2,1,67,5948,dissatisfaction
6060-drtnl,1,1,74,3305,competitor
8473-vuvjn,3,1,86,5443,attitude
0196-vulgz,3,1,77,5721,other
1976-cfocs,1,1,67,4531,competitor
4631-oacrm,1,1,74,3621,competitor
3755-jbmnh,1,1,86,3327,competitor
6345-ulyrw,3,1,91,2674,competitor
0013-exchz,1,1,68,3464,dissatisfaction
5550-vfrlc,1,1,68,5056,dissatisfaction
2657-almwy,3,1,75,4316,price
6284-ahooq,1,1,71,5014,other
2460-fpsyh,1,1,90,4272,attitude
5028-htljb,1,1,91,3491,price
0875-cabnr,3,1,94,3320,attitude
6982-uqzly,3,1,90,3817,attitude
0193-eszxp,1,1,91,5067,attitude
4369-htuif,2,1,90,5831,attitude
5287-qwlky,1,1,66,5725,attitude
1891-uawwu,1,1,87,2312,competitor
3096-jrdso,1,1,75,3444,competitor
2398-ypmur,2,1,85,5101,other
1265-xtecc,1,1,86,5957,attitude
4871-jtkjf,3,1,82,4741,attitude
1415-yfwlt,1,1,85,3067,competitor
3500-rmzlt,1,1,72,2933,attitude
2642-dtvco,3,1,74,5095,attitude
1363-txlsl,1,1,91,4962,competitor
7136-rvdtz,2,1,90,5824,attitude
6927-wtfiv,2,1,91,3684,attitude
3398-zouaa,2,1,67,3853,attitude
4844-jjwuy,1,1,82,5359,competitor
4785-qrjhc,3,1,80,4011,competitor
1965-aktsx,1,1,88,5203,competitor
7248-vzqlc,1,1,72,4661,price
0011-igkff,1,1,91,3714,dissatisfaction
6496-slwhq,3,1,87,5960,attitude
9912-gvseq,2,1,86,2591,dissatisfaction
5383-mmtwc,3,1,91,4819,dissatisfaction
6877-lgwxo,3,1,84,3521,attitude
5167-gbfre,3,1,72,4694,other
1324-nltje,1,1,94,3167,other
5567-wsele,1,1,87,3019,competitor
6646-vrfol,1,1,87,5860,competitor
9090-sgqxl,3,1,79,6284,competitor
6595-ygxit,2,1,91,3878,competitor
9835-ziitk,1,1,74,4281,competitor
5649-tjhov,1,1,93,4564,dissatisfaction
9253-qxkbe,1,1,71,2233,competitor
8775-lhdjh,2,1,93,2905,other
3097-nqysn,1,1,78,5204,competitor
3565-unocc,1,1,82,3179,competitor
9190-mfjln,1,1,68,2851,competitor
1095-judtc,2,1,65,5214,competitor
5385-suiri,1,1,68,5648,competitor
6328-zpbgn,2,1,71,4074,price
2856-nnasm,1,1,73,3802,dissatisfaction
6769-dybqn,1,1,71,2097,attitude
2446-beggb,3,1,83,3330,attitude
1496-ggsuk,1,1,83,4095,attitude
3296-silra,2,1,89,2426,attitude
5180-uciiq,1,1,75,2061,other
1977-stdki,1,1,76,4116,competitor
5813-uecbu,2,1,79,2583,competitor
4342-hentk,1,1,74,2189,competitor
1597-lhync,1,1,90,4232,price
8651-enbzx,3,1,78,5507,price
9286-dojgf,1,1,82,5165,dissatisfaction
9661-mhumo,3,1,84,4478,dissatisfaction
8884-adfvn,1,1,74,2016,other
2720-wgkhp,1,1,93,5569,other
9776-cluja,1,1,96,5748,competitor
3551-huazh,2,1,89,3429,price
8634-mphtr,1,1,91,5166,attitude
2474-brucm,1,1,84,2837,other
0616-atfgb,1,1,95,2119,competitor
7235-nxzcp,2,1,84,5378,competitor
6661-hbgwl,1,1,79,2984,dissatisfaction
9317-wzpgv,3,1,77,4038,price
3621-ceovk,1,1,90,3369,dissatisfaction
7632-mnyoy,3,1,93,4389,attitude
9248-ojykk,3,1,95,3763,competitor
3398-fshon,2,1,94,4703,competitor
3319-dwoep,3,1,90,5750,competitor
0818-ocpzo,3,1,83,2571,competitor
1389-cxmlu,2,1,91,2194,competitor
5561-nwevx,3,1,67,4225,price
2272-qagfo,3,1,71,5342,dissatisfaction
3768-nlubh,1,1,74,5247,dissatisfaction
7359-ssbjk,1,1,89,6080,price
0685-mlyym,2,1,96,4407,price
7957-ryhqd,1,1,94,3207,price
6230-bsuxy,2,1,93,2650,dissatisfaction
3990-qykbe,1,1,95,4127,competitor
9274-cnfmo,2,1,69,3716,competitor
3005-nfmta,2,1,69,5543,price
5389-ffvkb,1,1,94,5365,dissatisfaction
8444-wridw,2,1,79,5011,attitude
5868-ywpdw,2,1,72,5834,dissatisfaction
1273-mteti,3,1,74,2754,other
5480-hprrx,3,1,74,3542,attitude
7234-fecyn,3,1,68,5546,attitude
1400-mmyxy,2,1,71,2715,attitude
7142-hvgbg,1,1,91,2505,competitor
1564-ntyxf,2,1,91,3363,attitude
0886-qgenl,1,1,77,4853,attitude
8739-wwkdu,1,1,90,4849,competitor
8685-whqpw,1,1,81,2407,competitor
7240-fqlhe,2,1,68,5857,attitude
6664-fpdac,3,1,91,4060,attitude
0786-vssud,1,1,92,5692,competitor
6583-qgcsi,3,1,87,5813,competitor
1980-kxvpm,1,1,83,3553,competitor
0723-drclg,2,1,94,2394,other
6894-lfhly,1,1,90,5571,competitor
8361-ltmkd,2,1,77,5839,competitor
3668-qpybk,1,1,86,3239,competitor
9237-hqitu,2,1,67,2701,other
9305-cdskc,3,1,86,5372,other
7892-pookp,3,1,84,5003,other
0280-xjgex,1,1,89,5340,competitor
4190-mfluw,1,1,78,5925,competitor
1066-jksgk,1,1,92,4832,competitor
6467-chfzw,1,1,77,5789,competitor
8665-utdhz,1,1,90,2915,competitor
8773-hhuoz,1,1,74,3022,competitor
6047-yhpvi,1,1,66,2454,competitor
5380-wjkov,2,1,65,2941,competitor
8168-uqwwf,3,1,70,5674,competitor
7760-oypdy,1,1,90,5586,competitor
9420-lojkx,1,1,82,2966,competitor
5698-bqjoh,3,1,96,5571,price
5919-tmrgd,1,1,87,2483,competitor
9191-myqkx,1,1,70,3457,dissatisfaction
8637-xjivr,1,1,86,5806,attitude
0278-yxoog,3,1,66,2604,attitude
3192-nqeca,2,1,86,5034,competitor
0486-heczi,1,1,75,5154,price
5299-ruloa,2,1,87,5998,price
0404-swrvg,1,1,76,4415,dissatisfaction
6207-wiolx,1,1,91,4190,attitude
3091-fyhki,3,1,80,2301,dissatisfaction
2372-hwuhi,3,1,76,2570,other
4080-ogpjl,1,1,66,2662,other
2135-rxihg,1,1,73,2600,competitor
3874-eqoep,1,1,94,2786,competitor
0867-mkzvy,1,1,86,5719,price
3376-bmgfe,1,1,75,4287,dissatisfaction
1875-qivme,3,1,83,4690,attitude
0691-jvsya,1,1,80,4328,competitor
6317-ypkdh,1,1,95,4534,competitor
9367-wxlch,2,1,86,2152,price
1918-zbfqj,1,1,73,5142,competitor
1024-guald,1,1,94,4851,dissatisfaction
2472-ovkup,2,1,94,2283,dissatisfaction
1285-okipp,2,1,91,3394,attitude
7825-ecjrf,1,1,71,3764,dissatisfaction
7841-tzdmq,3,1,76,2667,other
9408-ssnvz,2,1,67,2227,other
0742-moabm,2,1,82,3394,competitor
2232-dmlxu,2,1,81,3638,dissatisfaction
8937-rdthp,2,1,66,2484,dissatisfaction
1251-krreg,3,1,81,2556,price
0322-yinqp,1,1,77,5687,attitude
4629-nrxkx,1,1,75,5687,dissatisfaction
4959-josrx,2,1,91,4884,price
6323-aybrx,3,1,83,5084,price
6366-zgqgl,2,1,73,5087,dissatisfaction
5940-ahuhd,2,1,69,3338,attitude
6432-twqlb,3,1,80,3676,dissatisfaction
4484-glzou,2,1,65,4839,other
9512-uibfx,3,1,68,4643,other
5583-sxdag,3,1,90,4094,other
3580-reoac,2,1,83,4061,competitor
6390-dsazx,1,1,80,2565,competitor
7563-biupc,2,1,69,5715,competitor
2321-ombxy,1,1,81,2071,other
0122-oahpz,3,1,67,2473,competitor
2868-snelz,1,1,92,2683,competitor
4322-rcymt,3,1,81,4903,competitor
6680-nenyn,1,1,91,5250,competitor
1343-ehpyb,2,1,91,4352,competitor
2034-gdrcn,3,1,76,4157,other
0219-ytzue,3,1,73,4939,competitor
4572-dvcgn,3,1,85,3598,competitor
1010-diauq,3,1,91,5383,competitor
0259-gbzsh,1,1,73,3878,competitor
9601-brxpo,3,1,66,3642,competitor
6905-niqin,1,1,76,2431,competitor
5167-zffmm,3,1,81,3424,competitor
6599-cebnn,3,1,94,5795,competitor
0979-phulv,3,1,80,4020,competitor
4800-vhzki,3,1,92,3351,competitor
7989-chgtl,1,1,95,3448,competitor
0578-skvmf,1,1,88,3804,competitor
9063-zgtuy,3,1,82,4221,price
2957-lolho,3,1,68,2887,competitor
7752-xusci,2,1,84,4105,other
4110-pfeuz,1,1,73,2792,competitor
0256-lthvj,1,1,91,5201,competitor
0880-tkatg,1,1,84,4417,competitor
3811-vbybz,1,1,91,2031,competitor
4640-uhdos,1,1,91,4498,competitor
3583-ekapl,1,1,71,4877,competitor
9399-aplbt,1,1,80,5980,competitor
2359-kmgli,1,1,77,4418,competitor
0306-jaele,1,1,66,4192,competitor
6227-hwpwx,1,1,73,5671,competitor
0447-bemng,1,1,65,4926,price
5949-xikae,1,1,65,2879,dissatisfaction
8372-juxui,1,1,93,2814,competitor
0388-eopex,1,1,77,4263,attitude
8205-otchb,3,1,66,3099,dissatisfaction
7783-ykgdv,1,1,76,2538,price
7218-hkqfk,2,1,72,3715,other
4636-qrjky,3,1,91,5032,price
9412-gheec,1,1,88,3492,competitor
6825-uypfk,1,1,81,2115,dissatisfaction
8397-mvtaz,3,1,72,2568,other
9282-izgqk,3,1,80,5679,other
1342-jpnki,3,1,85,2966,other
2817-ntqdo,3,1,74,4856,dissatisfaction
6986-ijdhx,1,1,91,3364,competitor
5301-gauuy,1,1,92,5974,competitor
0939-yapaf,3,1,72,2744,competitor
4710-fduiz,2,1,67,5170,competitor
1218-vkfpe,1,1,72,3535,competitor
3627-fhkbk,1,1,87,3244,competitor
0719-syfrb,1,1,67,5670,competitor
6543-cpzmk,2,1,83,2573,competitor
4765-oxppd,1,1,76,3983,competitor
1009-irmna,3,1,91,4479,attitude
7207-rmrdb,1,1,89,5720,competitor
0195-iescp,3,1,75,3573,competitor
4580-tmhju,2,1,65,2152,other
0970-etwge,2,1,91,4996,competitor
0887-hjgar,3,1,95,2295,competitor
9576-anlxo,1,1,87,2876,competitor
2024-baskd,3,1,94,3860,competitor
4464-jcoln,3,1,68,2362,attitude
5650-vduds,2,1,93,2038,competitor
7538-gwhml,2,1,80,2323,competitor
3859-cvcet,1,1,78,2864,competitor
3276-hdueg,2,1,78,4838,competitor
0822-gavap,1,1,65,3146,competitor
1448-pwkye,1,1,88,2046,competitor
2276-ydavz,3,1,92,4965,competitor
5896-npfww,1,1,93,3273,competitor
7133-vbdcg,2,1,91,4535,competitor
1029-qfben,2,1,95,3556,competitor
4952-ysogz,3,1,95,5640,competitor
1589-agtlk,3,1,90,2450,other
6439-gtpca,1,1,90,5269,competitor
5138-wvkyj,1,1,93,3658,competitor
2189-wwoew,3,1,96,3579,other
1894-igfsg,1,1,82,3161,competitor
7379-pokdz,1,1,66,3038,competitor
0236-hfwsv,1,1,77,5264,competitor
3900-aqphz,2,1,91,4248,attitude
5842-pocop,1,1,79,4356,competitor
2037-xjfup,2,1,76,4161,competitor
7314-oxenn,3,1,90,3051,competitor
0322-chqru,1,1,81,3478,competitor
4678-dvqeo,1,1,71,4138,competitor
3009-jwmpu,2,1,92,5016,attitude
1450-galxr,1,1,74,5184,competitor
3138-bkyav,3,1,75,4694,attitude
4289-dtdkw,1,1,70,2576,competitor
1820-tqvev,2,1,76,3042,attitude
2239-jalaw,1,1,74,6105,competitor
4853-rulsv,1,1,80,4544,attitude
6275-yduvo,3,1,95,2969,attitude
0115-tfert,3,1,89,4123,attitude
2311-qymuq,3,1,73,3696,attitude
3104-owcgk,3,1,76,4111,other
9101-bwfss,2,1,82,4274,other
6982-sshfk,1,1,89,3522,competitor
1038-zagbi,3,1,94,2653,attitude
3027-ztdho,1,1,80,5951,other
2382-bckqj,3,1,91,5600,competitor
2207-nhrjk,1,1,85,3718,competitor
9944-hkvvb,1,1,77,5861,competitor
4124-mmetb,2,1,85,3665,competitor
3671-shrsp,3,1,86,3080,competitor
3313-qknkb,3,1,80,6304,competitor
5073-wxoyn,2,1,67,4941,competitor
0207-mdknv,1,1,84,2122,competitor
9851-kielu,1,1,76,5803,competitor
3908-blsyf,1,1,90,3962,competitor
7549-mygpk,2,1,79,5413,price
3804-rvtgv,2,1,91,5812,price
9227-lunbg,2,1,76,5768,price
4315-murbd,1,1,71,5559,price
9734-ywgex,2,1,81,2954,price
2719-bdaqo,1,1,93,4940,price
9625-qstye,1,1,79,4806,competitor
6400-bwqkw,1,1,91,3263,dissatisfaction
6680-wkxrz,3,1,90,2054,other
9448-reevd,3,1,74,3700,other
9117-shlzx,3,1,72,3571,dissatisfaction
4541-rmrlg,3,1,82,4489,attitude
3158-moerk,2,1,83,3391,competitor
7294-tmaop,2,1,72,2627,competitor
2834-jrtua,1,1,81,5200,competitor
5875-ypqfj,3,1,84,5367,competitor
8603-ijwdn,3,1,93,5228,competitor
3842-iykue,2,1,88,2455,competitor
6641-xrpsu,2,1,93,2318,competitor
8357-eqxfo,2,1,92,3077,competitor
9524-egpjc,1,1,80,4260,competitor
6993-ohlxr,1,1,84,5225,competitor
8818-xyfcq,1,1,71,5026,competitor
4695-vadhf,1,1,84,2989,competitor
3863-iubjr,1,1,78,2595,competitor
8436-bjumm,3,1,84,2404,competitor
9948-yptdg,1,1,85,2405,competitor
4883-qicih,2,1,96,2356,other
8329-ibcti,3,1,91,5881,competitor
5669-sraip,2,1,93,2863,competitor
5981-itemu,3,1,67,3099,competitor
6941-pmgep,3,1,90,3937,competitor
1624-woiwj,1,1,69,5686,competitor
2074-gkowz,1,1,73,3851,competitor
0376-ymcjc,2,1,82,4359,competitor
0634-szpqa,2,1,67,4650,competitor
5536-rtpwk,2,1,91,5157,competitor
6166-ilmny,1,1,68,5667,competitor
3097-nnspb,1,1,91,2960,competitor
0655-rbdug,1,1,86,2561,competitor
4361-bkaxe,1,1,80,3038,competitor
9878-tnqgw,3,1,65,3533,competitor
4607-chpca,3,1,91,5801,competitor
8824-rwfxj,1,1,83,2539,competitor
9763-pdtkk,1,1,74,4249,competitor
7627-jkiaz,3,1,90,3982,competitor
4081-dyxav,3,1,72,5182,competitor
0927-lcsmg,3,1,75,3331,competitor
8257-rzahr,1,1,86,4049,competitor
0841-nulxi,1,1,71,3958,other
7851-wzeky,2,1,82,2414,competitor
8844-tonud,1,1,75,5295,competitor
5868-czjdr,2,1,85,3605,attitude
0135-nmxap,3,1,90,5671,attitude
6270-omfiw,2,1,91,4990,attitude
0107-weslm,2,1,66,3874,attitude
3992-ywpko,1,1,69,5750,competitor
0125-lzqxk,2,1,91,3025,attitude
5673-fssmf,3,1,91,4611,attitude
1579-klydt,2,1,91,5356,competitor
3927-nlnry,3,1,96,5414,other
6358-lyngm,3,1,84,2548,other
5494-hecpr,2,1,69,2502,other
9824-bemcv,2,1,77,3368,competitor
1373-orviz,1,1,91,2860,competitor
9866-qevee,1,1,91,4857,competitor
9897-kxhcm,1,1,72,3212,competitor
7979-corpm,2,1,67,5927,other
1618-cfhme,1,1,86,2101,other
3165-hdoew,2,1,73,3706,other
6581-nqcba,1,1,78,4840,other
1689-mrzqr,3,1,77,2777,other
5835-beqeu,2,1,92,4428,competitor
5552-znfsj,3,1,66,4568,other
2223-kagmx,1,1,87,5379,price
7321-pkuyw,1,1,66,5250,competitor
2833-slkdq,1,1,91,4094,competitor
7595-euivn,1,1,70,3940,competitor
2026-tgdhm,1,1,69,3830,competitor
4030-vpzbd,2,1,91,2860,dissatisfaction
2408-tzmjl,1,1,90,4601,dissatisfaction
7993-pykof,1,1,80,2587,dissatisfaction
5027-xwqha,2,1,78,2087,dissatisfaction
4566-qvrrw,1,1,84,3200,competitor
0201-oamxr,1,1,87,4838,dissatisfaction
7831-qgoxh,3,1,77,3326,other
6393-wryze,2,1,87,3979,other
6599-rclcj,2,1,90,5863,competitor
9831-bpfri,2,1,65,3849,dissatisfaction
1725-mimxw,2,1,78,5687,dissatisfaction
0031-pvlzi,1,1,81,4133,price
4791-qrgmf,3,1,76,6098,competitor
4671-lxrdq,1,1,93,5704,competitor
1934-sjvjk,2,1,70,4103,price
3838-ozurd,1,1,96,5723,competitor
9269-cqool,1,1,66,3335,competitor
2845-hsjcy,2,1,78,4786,competitor
1184-pjvdb,1,1,68,5640,competitor
9415-dpews,3,1,96,5727,competitor
7943-rqchr,2,1,83,2893,competitor
3249-zpqrg,1,1,67,5048,competitor
2568-brgyx,1,1,92,5094,competitor
7721-jxeaw,2,1,70,4324,competitor
7249-wbiyx,2,1,70,5146,competitor
3164-aalrn,2,1,77,2673,competitor
3334-cthol,2,1,71,2041,competitor
4704-eryfc,1,1,85,2159,competitor
0471-lvhgk,2,1,86,2041,competitor
9518-rwhzl,1,1,69,5452,competitor
6240-eurks,2,1,76,2649,competitor
6960-hvyxr,1,1,72,2567,competitor
7861-uvuft,1,1,86,4003,competitor
0680-dfnny,2,1,90,2055,competitor
7767-uxagj,3,1,68,2928,competitor
1571-savhk,1,1,80,5598,competitor
9546-cqjsu,1,1,80,5100,competitor
2951-qoqtk,2,1,72,5436,competitor
3473-xiiit,1,1,68,3794,competitor
7893-ixhrq,2,1,87,5636,attitude
2952-qayzf,1,1,81,2264,competitor
4763-pgdpo,1,1,88,4494,competitor
5394-svgjv,1,1,82,3066,competitor
9283-lzqoh,1,1,89,3687,competitor
7079-qrcbc,1,1,85,4016,competitor
5469-ctcwn,1,1,92,4334,competitor
9851-qxeeq,1,1,84,3316,competitor
5208-hfsbt,1,1,81,5855,competitor
2667-wylwj,3,1,89,2247,price
1092-ganhu,2,1,87,3182,competitor
7881-evuad,2,1,79,4648,competitor
5766-xqxmq,1,1,79,5449,competitor
3703-vavcl,2,1,91,3902,competitor
8519-qjgjd,2,1,71,4995,attitude
6326-mttxk,2,1,90,3849,attitude
0330-ivzha,2,1,81,2969,attitude
2886-kefum,3,1,96,6144,attitude
4237-rlaqd,2,1,94,5930,attitude
9651-gtsaq,3,1,94,4471,attitude
3186-baxnb,3,1,71,4319,attitude
0637-ylety,1,1,96,5915,attitude
1157-bqcuw,1,1,82,2591,competitor
2003-cklor,2,1,73,4001,other
9254-rbfon,2,1,91,5160,competitor
1205-wnwpj,3,1,91,4661,other
8387-mojjt,1,1,82,5396,competitor
6032-krxxo,2,1,84,5654,competitor
7459-rrwqz,1,1,89,4780,competitor
3092-ighwf,2,1,65,4421,competitor
6352-twcau,1,1,68,5874,competitor
2929-qnsrw,1,1,90,4886,competitor
1262-opmfy,3,1,92,5105,competitor
1899-vxwxm,1,1,89,5898,other
3331-hqdtw,1,1,89,3410,competitor
5442-xsdcw,1,1,91,3469,competitor
3049-ndxfl,3,1,89,2850,competitor
7963-gqrmy,2,1,88,4903,price
1228-fzfrv,1,1,79,5536,price
2058-dcjbe,1,1,91,3965,competitor
5364-xyirr,1,1,91,4747,competitor
4829-auoax,2,1,77,2712,price
9158-vctqb,1,1,96,4963,price
6311-ueume,2,1,90,3249,price
6839-itvzj,2,1,71,2039,other
0375-hvgxo,3,1,81,4476,other
8593-whyhv,1,1,67,4934,other
6097-eqisj,1,1,82,4688,competitor
4423-ylhdv,1,1,67,5570,attitude
0107-yhina,1,1,93,4214,competitor
8640-sdgkb,2,1,69,3633,attitude
4116-tzaqj,1,1,76,5393,attitude
3877-jrjip,2,1,71,4017,attitude
7511-ymxvq,1,1,81,5028,competitor
7551-johti,2,1,77,5211,attitude
9804-icwbg,2,1,88,3349,attitude
5318-ixuzf,2,1,72,4149,other
3198-velrd,1,1,91,2014,competitor
9436-zbzct,2,1,90,5463,attitude
7198-glxtc,3,1,92,5239,attitude
0516-vrybw,3,1,85,4931,attitude
8380-pefpe,1,1,93,2377,competitor
5687-dkdtv,3,1,76,5984,attitude
7530-hdyds,2,1,70,2885,attitude
3096-izetn,3,1,89,4741,attitude
5922-abdvo,3,1,74,3046,attitude
9172-ancrx,1,1,68,5561,attitude
6910-hadcm,2,1,67,5613,attitude
4816-lxzyw,1,1,68,5216,competitor
4911-banwh,3,1,74,4198,attitude
8496-ejaui,3,1,89,2251,attitude
6365-mtgzx,1,1,71,3068,competitor
1349-wxngg,2,1,66,4710,attitude
6990-ynrio,1,1,79,6120,attitude
0621-twiem,1,1,67,4097,attitude
2485-itvkb,2,1,78,2643,attitude
3669-oysji,2,1,76,4167,attitude
1612-eohdh,3,1,89,5828,attitude
7517-sawmo,2,1,90,4718,attitude
4143-hhpmk,3,1,91,6402,attitude
7054-lgeqw,2,1,69,4888,attitude
0923-pnfub,2,1,65,4852,attitude
3494-jchrq,2,1,69,2699,attitude
6474-fvjlc,2,1,77,4546,attitude
4547-lytdd,1,1,73,2850,competitor
6770-xuagn,2,1,90,3753,attitude
3143-ildal,3,1,96,4830,attitude
4720-vstsi,2,1,66,3997,attitude
3946-mhczw,1,1,83,5111,attitude
6651-azvtj,1,1,83,6088,attitude
4566-goluk,2,1,91,3620,attitude
2484-dgxpz,3,1,67,2687,attitude
4587-nukox,1,1,74,5339,attitude
0420-bwtpw,2,1,78,5578,attitude
8183-onmxc,3,1,87,2176,competitor
9614-rmgha,3,1,82,5530,competitor
5054-iexzt,3,1,90,5284,competitor
5834-aspwa,3,1,74,5518,competitor
3948-xhgna,1,1,80,5005,other
0565-iycgt,1,1,93,6230,competitor
5445-utodq,2,1,87,3238,competitor
1024-vrzhf,1,1,70,2044,competitor
0348-sdkol,2,1,96,4415,competitor
4373-mavjg,2,1,70,5148,competitor
8901-hjxtf,1,1,94,3747,competitor
5419-klxbn,2,1,90,5853,competitor
9828-aoqlm,1,1,91,3187,competitor
7615-esmyf,3,1,70,5482,competitor
3858-vobet,3,1,89,5897,competitor
1447-pjgga,1,1,93,5789,competitor
8565-clbzw,3,1,95,2050,competitor
9139-wqqdy,3,1,90,4235,other
0224-hjapt,2,1,82,2857,competitor
8086-ovpwv,1,1,91,2384,competitor
9430-frqoc,2,1,80,5587,competitor
3074-gqwyx,2,1,87,3520,competitor
6845-rgtys,1,1,80,4622,competitor
8861-hggkb,2,1,80,5699,competitor
7065-yunry,1,1,69,3049,competitor
7694-vlbwq,2,1,74,4857,dissatisfaction
6481-ogdoo,1,1,73,4394,competitor
3753-tsemp,1,1,79,2524,dissatisfaction
8305-vhzbz,1,1,92,4325,price
9172-jitsm,1,1,75,2641,other
6298-qdfnh,1,1,68,4718,dissatisfaction
6173-itpwd,1,1,91,2516,dissatisfaction
9734-uyxqi,1,1,90,5115,competitor
2189-uxtky,1,1,91,3410,dissatisfaction
4958-gzwiy,2,1,91,2984,other
6356-elrkd,2,1,79,4091,other
8624-giout,1,1,78,6006,other
3177-lasxd,3,1,77,2619,dissatisfaction
4897-qsuyc,3,1,86,4939,attitude
1084-uqchv,2,1,66,2901,attitude
2955-bjzhg,1,1,77,5174,competitor
3806-dxqom,2,1,95,2563,attitude
9300-rendd,3,1,91,4815,attitude
0761-aetcs,2,1,92,3236,attitude
2153-mrefk,1,1,79,3599,attitude
3106-ulwfw,1,1,95,2887,competitor
0925-vydlg,3,1,83,5898,attitude
4349-gfqhk,3,1,87,4212,attitude
7802-efkny,1,1,79,5865,competitor
8035-buyvg,1,1,67,5422,attitude
9787-xvqiu,3,1,91,3596,attitude
8945-muquf,3,1,94,5074,competitor
3023-gflbr,2,1,66,3336,attitude
0524-iavzo,2,1,90,3698,other
2737-yngyw,3,1,69,2856,attitude
5159-yfpkq,1,1,91,5270,competitor
7927-auxbz,2,1,76,4417,attitude
7619-odsgn,1,1,90,5699,attitude
2514-ginmm,2,1,92,4490,attitude
2659-vxmwz,3,1,85,4146,attitude
4285-gyrqc,2,1,89,3344,attitude
8337-mssxb,2,1,74,3677,attitude
8182-bjdsi,1,1,90,2468,attitude
2482-czgbb,1,1,67,3156,competitor
0866-qlsir,2,1,75,5189,attitude
7181-bqybv,1,1,85,4811,attitude
6204-ieuxj,3,1,65,4330,attitude
4529-ckbcl,2,1,85,4381,attitude
2506-clakw,1,1,80,3578,attitude
1583-ihqze,2,1,90,3965,attitude
0151-ontov,1,1,78,4739,competitor
0320-jdnqg,1,1,83,3425,other
7180-pisog,3,1,75,5554,attitude
3571-rfhar,2,1,91,6001,attitude
9578-vrmnm,1,1,73,4722,competitor
6140-qnrqq,1,1,91,5739,competitor
4307-ktumw,1,1,68,5543,attitude
7470-mcqtk,2,1,86,2655,attitude
7488-mxjiv,1,1,96,3223,competitor
2027-feczv,2,1,92,2406,attitude
2672-dzuoy,1,1,91,5386,competitor
3870-mqamg,1,1,90,6189,competitor
4800-czmpc,1,1,71,4736,attitude
7377-dmmri,1,1,89,4134,attitude
8949-jtmay,1,1,72,5144,competitor
3211-iljtt,1,1,67,4469,competitor
5103-mhmhy,1,1,82,4563,competitor
0235-kgslc,2,1,86,3967,other
2884-gbpfb,3,1,79,5413,other
5136-kckgi,2,1,76,4461,competitor
3722-wpxtk,1,1,72,4254,competitor
2929-ercfz,1,1,80,2939,competitor
7548-sepyi,2,1,74,5056,competitor
8835-vsdse,2,1,86,4559,competitor
1623-nldot,2,1,82,2044,competitor
5236-perkl,1,1,89,4738,competitor
7854-foksf,1,1,93,4747,competitor
2519-fakod,1,1,76,5274,competitor
7089-ivvaz,1,1,71,2363,competitor
9492-tokri,1,1,90,2708,competitor
3325-fuycg,1,1,85,3770,dissatisfaction
8481-yyxwg,3,1,70,4584,dissatisfaction
2609-iaicy,3,1,79,2756,dissatisfaction
1740-csdjp,2,1,88,2548,price
2636-ohfmn,2,1,90,3955,price
1323-ooepc,2,1,87,6481,price
9921-zvrhg,1,1,94,4155,competitor
4701-mljpn,3,1,78,2933,attitude
9206-gvpeq,1,1,88,5212,dissatisfaction
1596-bbvtg,3,1,79,2785,other
8433-wxgna,1,1,82,4676,other
3707-gnwhm,1,1,93,4750,other
5766-zjybb,2,1,66,4152,dissatisfaction
8931-gjjiq,2,1,90,3520,attitude
4277-pvran,1,1,67,5071,competitor
0203-hhyij,3,1,79,3779,price
0952-kmeeh,1,1,91,5525,price
8178-eyzuo,1,1,70,3378,price
3230-wykir,1,1,79,3306,dissatisfaction
0407-bdjkb,2,1,88,4129,dissatisfaction
9600-udopk,3,1,68,4095,attitude
4074-sjffa,3,1,83,2614,dissatisfaction
4910-gmjot,1,1,96,4033,other
4323-sadqs,1,1,93,3520,dissatisfaction
4446-bzkhu,1,1,86,5011,competitor
5202-ivjnu,3,1,72,3106,dissatisfaction
5976-jcjrh,3,1,94,2162,dissatisfaction
0137-ocgab,3,1,90,3056,price
3351-nqldi,1,1,91,4348,price
7593-jnwru,2,1,90,4525,price
4588-ybnib,2,1,91,4205,price
5028-gzldo,1,1,96,5317,dissatisfaction
6877-tjmbr,3,1,80,2627,dissatisfaction
6769-dcqli,2,1,85,4630,other
2433-kmeas,1,1,71,2445,other
2195-zrvax,2,1,90,3631,other
3550-sahfp,2,1,66,5456,price
2011-trqye,2,1,82,5474,dissatisfaction
4873-ilolj,1,1,67,5546,competitor
2725-kxxwt,3,1,86,5460,attitude
9565-djpib,1,1,87,4689,competitor
8348-hfyiv,3,1,90,5775,dissatisfaction
6849-wleyg,3,1,92,2611,attitude
4659-nzruf,3,1,78,5830,price
8429-xibum,1,1,77,4694,price
2608-bhkfn,1,1,89,3600,competitor
7341-lxcaf,1,1,87,4013,dissatisfaction
9462-mjuaw,1,1,92,4399,competitor
8128-yvjrg,1,1,81,4513,attitude
1569-ttnyj,2,1,72,3401,other
4749-vfkvb,2,1,90,4778,other
7598-uaasy,1,1,71,4340,competitor
7938-ouhio,3,1,72,3916,attitude
0431-apwvy,3,1,91,5958,other
3426-niyyl,2,1,66,2087,attitude
3387-vatus,3,1,69,5701,attitude
1143-nmnqj,2,1,95,2187,attitude
0415-mosgf,2,1,76,3204,attitude
2495-inzwq,2,1,66,5605,attitude
4139-sugld,1,1,77,2067,attitude
6857-vwjdt,2,1,87,3473,attitude
5624-bqssa,1,1,70,4285,price
5577-otwww,2,1,69,2428,other
6100-qqheb,3,1,91,5775,other
2691-nzetq,2,1,89,2752,competitor
4404-hibdj,1,1,85,5175,competitor
7295-jommd,1,1,87,2895,competitor
5013-sbuih,1,1,84,5855,competitor
6023-yebup,1,1,81,5351,competitor
7209-jcuds,1,1,83,2832,competitor
6158-dwpzt,2,1,82,3195,competitor
3763-gczhz,2,1,95,5504,competitor
0772-gyeqq,2,1,93,5202,competitor
4831-eobfe,1,1,70,5150,other
9170-gyzjc,1,1,84,4734,price
2002-mzhwp,2,1,76,3820,price
2004-ocqxk,1,1,85,5622,competitor
5027-qpkte,1,1,82,4292,competitor
2672-huyvi,2,1,68,2266,price
7508-mybog,1,1,89,2177,competitor
0148-dcdos,1,1,82,5641,competitor
9992-rramn,1,1,68,5248,dissatisfaction
0310-mvlet,3,1,77,5612,dissatisfaction
5696-qurrl,3,1,73,2644,dissatisfaction
0495-rvcbf,3,1,75,2066,other
7854-edssa,3,1,77,2195,dissatisfaction
8869-torss,1,1,69,2681,dissatisfaction
2115-bftiw,1,1,75,4881,dissatisfaction
0611-dfxko,2,1,78,4594,dissatisfaction
7780-otdso,1,1,86,2421,attitude
9747-ddzos,2,1,74,4378,dissatisfaction
0564-jjhgs,2,1,90,5007,dissatisfaction
3348-cfrnx,1,1,71,2990,price
1428-gtbjj,2,1,81,4601,price
2249-yprng,2,1,84,4223,dissatisfaction
7410-ytjik,1,1,75,2872,competitor
4626-gyczp,1,1,79,3506,competitor
5590-bynii,2,1,91,4152,other
3237-ajgeh,3,1,67,5122,other
1591-nfnlq,3,1,91,4769,other
0596-bqceq,1,1,93,4120,competitor
1481-zuwza,1,1,80,5433,dissatisfaction
2309-osfeu,1,1,84,2529,attitude
7613-llqfo,2,1,91,3330,dissatisfaction
2640-pmgfl,1,1,91,2518,price
3801-hmynl,1,1,68,3123,competitor
4484-cgxfk,1,1,96,3190,dissatisfaction
6214-edakz,2,1,79,5115,dissatisfaction
6127-isgtu,3,1,67,3075,attitude
8740-xlhdr,2,1,67,5824,dissatisfaction
1208-dnhln,2,1,83,4580,other
1761-aezzr,2,1,72,5593,other
7120-rfmvs,2,1,73,4340,price
7317-ggvpb,1,1,90,4982,dissatisfaction
1322-agoqm,2,1,95,2243,dissatisfaction
5692-fptah,2,1,67,2168,dissatisfaction
1550-loaha,2,1,74,4017,dissatisfaction
0268-qkiwo,3,1,83,2647,attitude
0876-wduuz,2,1,90,3716,price
0617-fhsgk,2,1,90,5283,price
2858-mofsq,2,1,76,5472,price
7005-ccbkv,3,1,77,4539,dissatisfaction
4250-fdvou,1,1,95,4110,attitude
2141-rrygo,3,1,76,5274,other
6376-gahqe,2,1,65,2140,other
5052-pnlos,3,1,65,3662,other
6979-znsff,1,1,69,2545,price
2386-lahrk,1,1,80,5094,dissatisfaction
6032-igaln,1,1,79,4769,competitor
0516-wjvxc,1,1,78,5476,dissatisfaction
8809-rihdd,3,1,83,5055,price
4822-ngoch,2,1,74,5801,price
1432-fpaxx,2,1,77,3615,dissatisfaction
3884-hcswg,1,1,70,4390,attitude
5077-dxtcg,1,1,86,2293,competitor
1142-waczw,2,1,95,4268,other
4892-vlanz,3,1,96,5600,price
2919-hbcjo,1,1,90,4580,other
4236-xpxav,2,1,74,2283,other
3030-yzadt,1,1,66,5023,competitor
7410-ktvfv,1,1,90,2815,competitor
8393-dlhga,1,1,68,2241,competitor
2834-spcjv,1,1,75,6216,competitor
0587-dmgbh,3,1,75,2269,competitor
3523-qrqll,2,1,94,5922,competitor
0895-dqhew,1,1,77,4019,competitor
8149-rsoun,3,1,78,3014,competitor
7250-eqkiy,2,1,75,2426,competitor
4013-ubxwq,3,1,67,4612,competitor
5519-nphvg,3,1,73,3975,price
8849-gyokr,1,1,90,4893,dissatisfaction
3148-blqjt,1,1,80,5747,competitor
0461-cvkmu,1,1,80,5737,attitude
8806-eagwc,2,1,78,5698,dissatisfaction
4183-wcsep,1,1,72,3091,price
5498-txhlf,3,1,91,3358,price
9722-ujojr,1,1,73,2663,price
6772-ksatr,1,1,83,5574,dissatisfaction
7112-opotk,2,1,91,5647,attitude
4210-qfjmf,1,1,68,5762,competitor
5828-avipd,3,1,73,4072,other
1086-lxkfy,1,1,92,4779,other
7774-ojsxi,3,1,65,5387,dissatisfaction
7786-wbjyi,2,1,89,5365,competitor
5016-ettff,3,1,69,3797,dissatisfaction
3866-mdtub,1,1,72,3257,attitude
0697-zmsws,1,1,87,2330,dissatisfaction
7593-xfkdi,1,1,73,3017,price
0337-cnpze,2,1,85,5383,price
1513-xnpph,1,1,79,5047,dissatisfaction
6347-dcuik,1,1,90,4231,attitude
0897-fegmu,3,1,84,5286,dissatisfaction
7663-rgwbc,1,1,90,4773,other
1120-bmwub,3,1,65,5091,other
9124-lhcjq,1,1,91,2318,price
2235-zgkpt,1,1,90,5386,dissatisfaction
3891-puqod,1,1,65,5020,dissatisfaction
0689-nkylf,2,1,86,4028,attitude
3658-kibgf,1,1,89,2833,dissatisfaction
5519-yldgw,1,1,91,3769,dissatisfaction
4946-edsew,1,1,69,5638,attitude
8185-upybr,1,1,88,5838,dissatisfaction
4585-hetai,1,1,83,5026,dissatisfaction
7526-bezqb,1,1,89,2577,attitude
4951-ukaaq,1,1,72,5948,dissatisfaction
2108-ykqty,3,1,90,4930,other
4918-qlliw,2,1,65,2755,other
1625-jaiiy,1,1,86,4714,dissatisfaction
2947-domlj,1,1,82,3677,dissatisfaction
4112-lueiz,3,1,84,4206,attitude
4510-himlv,2,1,90,4154,dissatisfaction
2430-usgxp,1,1,66,4766,price
5955-erihd,1,1,72,2206,price
5949-ebsqk,2,1,83,2131,price
7274-rtapz,1,1,89,3898,dissatisfaction
0311-unpff,2,1,82,4910,dissatisfaction
3834-xuifc,1,1,86,3905,attitude
7599-fkvxz,1,1,93,2265,other
8229-tniqa,2,1,91,3443,other
6221-avqyl,1,1,78,2919,price
7743-exurx,1,1,77,3758,dissatisfaction
5569-kgjhx,3,1,95,2445,dissatisfaction
7730-iutdz,1,1,68,4673,dissatisfaction
0426-tirne,3,1,90,5527,dissatisfaction
7587-rznme,3,1,91,4849,price
0748-rdggm,2,1,82,6136,price
3746-eubyr,1,1,75,5861,competitor
2332-efbjy,1,1,82,3438,price
9474-phlyd,1,1,68,5129,dissatisfaction
2165-voegb,2,1,91,3322,other
2219-mvuso,2,1,91,3721,other
8914-rbtsb,1,1,79,4115,other
0963-zbdrn,3,1,93,3606,attitude
7594-rqhxr,2,1,94,3108,other
6331-ewieb,2,1,92,2414,other
5998-vvejy,3,1,72,2729,other
4317-vteoa,2,1,93,5355,competitor
1670-svowz,1,1,91,2504,competitor
7541-ylxcl,1,1,71,5220,other
0260-zdlgk,1,1,65,3585,competitor
8722-ngnbh,1,1,80,3125,competitor
0133-bmfzo,2,1,94,3529,competitor
6128-czomy,2,1,78,4689,competitor
9540-jyroe,1,1,75,2899,competitor
3656-tkrvz,2,1,65,5787,competitor
1501-sghbw,1,1,81,3843,competitor
3208-ypioe,3,1,96,4696,competitor
2612-ranwt,2,1,96,3682,price
2933-filnv,3,1,91,2635,dissatisfaction
9986-bonce,1,1,85,5822,competitor
4083-eugrj,1,1,91,3361,attitude
6410-lefen,1,1,73,3757,dissatisfaction
3194-orpik,1,1,80,5135,competitor
8816-vxnzd,2,1,83,4335,dissatisfaction
9378-fxtiz,3,1,95,4596,dissatisfaction
1723-hkxjq,2,1,66,5545,other
7825-gkxmw,1,1,78,5973,competitor
1240-knsez,3,1,95,4933,price
0836-seylu,1,1,91,4800,competitor
3716-bdvdb,1,1,82,5795,competitor
5899-mqzzl,2,1,68,2189,competitor
6849-oyamu,2,1,71,2608,competitor
6038-gcyec,1,1,95,5153,competitor
1150-wfarn,1,1,90,5516,competitor
3144-audbs,1,1,86,5271,competitor
5616-prtnt,2,1,86,3785,attitude
6688-uzpwd,1,1,88,5750,competitor
2839-rfsqe,2,1,83,3845,attitude
0968-gsikn,3,1,73,3901,competitor
1965-ddbwu,3,1,87,5953,competitor
9057-sihch,1,1,72,3260,price
6771-xwbdm,1,1,80,4471,dissatisfaction
8601-qacrs,2,1,94,2353,competitor
2391-soori,1,1,83,5858,dissatisfaction
2645-qtlmb,3,1,91,5267,dissatisfaction
4806-hipdw,2,1,75,5644,dissatisfaction
8443-zrdbz,1,1,75,3685,price
9136-alybr,3,1,65,2121,price
7479-nitws,1,1,91,4154,price
2959-mjhic,1,1,65,4167,dissatisfaction
5960-wpxqm,1,1,80,3555,competitor
0684-aosih,1,1,82,4489,dissatisfaction
8260-ngfny,2,1,82,3196,other
1725-iqniy,2,1,90,6274,competitor
6598-rffvi,3,1,94,2279,price
8614-vgmmv,1,1,86,5209,competitor
2930-uotmb,1,1,68,4403,competitor
2533-qvmsk,3,1,71,6295,competitor
8625-azyzy,3,1,72,4734,competitor
9306-cpcbc,3,1,94,3207,competitor
2656-tabeh,2,1,82,2650,dissatisfaction
2325-zusfd,1,1,81,4669,dissatisfaction
3932-cmdtd,2,1,66,4663,dissatisfaction
3594-uvona,1,1,91,3833,price
0004-tlhlj,1,1,71,4479,competitor
5089-ifsdp,1,1,89,6424,dissatisfaction
4817-vyyws,1,1,90,3598,dissatisfaction
1396-qwfbj,3,1,91,5630,dissatisfaction
5299-sjczt,3,1,73,4480,dissatisfaction
2898-lsjgd,1,1,74,5531,attitude
7359-ptsxy,1,1,90,3531,attitude
4503-bdxbd,1,1,76,4251,attitude
6086-esgrl,1,1,72,3947,attitude
3886-certz,1,1,90,4261,competitor
5759-rcvcb,1,1,91,5450,competitor
6372-rfvns,3,1,87,5075,attitude
8938-umkpi,1,1,91,4804,competitor
0991-brrfb,1,1,75,4028,other
6319-iejwj,1,1,85,2058,other
9025-aomki,2,1,71,5617,other
5275-sqeiz,1,1,77,3096,competitor
7716-ytyhg,2,1,93,3365,competitor
4390-kyulv,1,1,90,4115,attitude
8945-grkhx,1,1,81,2728,competitor
6959-uwkhf,1,1,87,4895,competitor
3815-slmef,1,1,88,2802,competitor
5154-vekbl,1,1,95,3032,competitor
4587-vvtox,1,1,90,4163,competitor
4652-nnhny,1,1,77,3226,other
8515-octjs,3,1,94,4931,competitor
5261-qshqm,1,1,70,4909,competitor
8868-wozgu,3,1,72,2464,dissatisfaction
1334-fjsvr,1,1,85,2846,dissatisfaction
7625-xcqrh,3,1,76,2291,dissatisfaction
1731-tviuk,2,1,73,4554,competitor
0618-xwmss,1,1,91,5392,price
2565-jslry,2,1,67,3162,price
6689-kxgbo,1,1,87,3420,dissatisfaction
6615-nggzj,2,1,72,5224,dissatisfaction
4255-dduou,1,1,76,2398,price
2984-miizl,1,1,71,5882,dissatisfaction
5590-yrfjt,3,1,94,3298,other
3677-tnkio,1,1,95,3228,other
3329-wdiok,1,1,83,4800,dissatisfaction
2873-zliwt,2,1,91,5764,competitor
3415-taile,1,1,96,4265,competitor
1915-iofgu,2,1,90,4123,competitor
3045-xetsh,3,1,90,3074,competitor
7239-hzzcx,3,1,91,4851,competitor
7683-cbdkj,1,1,90,2881,competitor
0628-cnqrm,1,1,76,3378,other
7665-toald,1,1,79,2412,competitor
0112-qwpnc,2,1,73,6452,competitor
2777-phdei,1,1,91,3458,competitor
1196-amora,1,1,87,2679,competitor
4282-ymkna,2,1,82,5003,competitor
5356-rhipp,1,1,81,5355,competitor
0746-jtrfu,1,1,77,4810,dissatisfaction
4628-cttla,1,1,66,4917,dissatisfaction
2876-vbbbl,2,1,85,2783,attitude
6834-nxdca,3,1,82,2967,dissatisfaction
5597-glbuc,2,1,95,4931,price
2748-myrvk,3,1,71,4776,price
4822-ycxmx,1,1,70,4203,price
9821-pootn,2,1,94,4639,price
6559-ilwkj,1,1,95,4879,dissatisfaction
4229-czmll,1,1,87,4160,dissatisfaction
3663-mitlp,3,1,85,3968,dissatisfaction
9025-zrpvr,3,1,78,5403,attitude
3285-ucqvc,2,1,82,4429,other
3737-gcspv,1,1,92,3101,competitor
4088-yldsu,1,1,86,4369,competitor
5797-apwzc,1,1,92,2540,competitor
3683-qkiue,2,1,88,4713,competitor
4228-zgyuw,3,1,91,3212,competitor
3519-zkxgg,2,1,79,4062,competitor
6416-tvaih,3,1,89,5753,competitor
5108-adxwo,1,1,75,4509,competitor
3066-rrjio,3,1,65,5341,competitor
6715-ofdbp,1,1,84,4944,price
1567-dscic,1,1,71,2632,dissatisfaction
2150-uwtfy,1,1,87,4626,dissatisfaction
2683-bpjso,1,1,91,2651,dissatisfaction
2157-mxbjs,3,1,89,4800,dissatisfaction
1087-udsih,3,1,81,5000,attitude
5445-pzwgx,1,1,87,5090,price
9170-cckou,1,1,91,2026,dissatisfaction
1043-ycute,3,1,79,6484,dissatisfaction
3814-mlaxc,1,1,67,2554,dissatisfaction
1226-udfzr,1,1,78,3599,dissatisfaction
5442-utcvd,1,1,91,2704,attitude
7734-dboai,1,1,93,5434,attitude
2114-mgina,1,1,81,4107,attitude
4489-snojf,1,1,83,5898,other
2187-lzgpl,2,1,68,4414,attitude
9019-qvlzd,2,1,81,5082,competitor
3707-lrwzd,2,1,68,3553,other
1455-esiqh,2,1,79,2905,other
2979-sxese,1,1,66,4103,other
4013-tldhq,1,1,72,3666,competitor
6121-vznqb,2,1,84,5890,competitor
6996-knsml,1,1,73,5919,competitor
2592-seifq,2,1,69,3503,competitor
8642-gvwrf,1,1,65,3039,competitor
3400-esfuw,1,1,69,5463,competitor
2057-zblpd,3,1,72,2036,competitor
5502-rluyv,2,1,86,4283,competitor
9039-rbeee,1,1,80,3080,price
8417-fmlzi,1,1,91,4242,dissatisfaction
0515-ypmcw,1,1,90,3525,competitor
0378-xszpu,2,1,88,4026,dissatisfaction
4729-xkasr,1,1,96,3001,competitor
5449-fibxj,3,1,67,2349,price
9837-bmclm,2,1,71,3567,price
0137-udeuo,1,1,95,3398,price
4925-lmhok,2,1,90,2003,dissatisfaction
1455-ugqvh,2,1,91,4501,dissatisfaction
8280-mqrqn,3,1,69,2806,dissatisfaction
2037-sgxhh,2,1,71,3498,other
3178-feszo,1,1,91,5797,other
6087-mvhjh,2,1,88,5186,other
4603-janfb,1,1,90,4548,competitor
3018-tftsu,1,1,76,2850,dissatisfaction
4806-kexqr,1,1,77,4669,competitor
7083-ynsky,1,1,86,2853,attitude
7434-shxls,3,1,82,5421,competitor
7908-qcbca,1,1,65,2404,competitor
6711-fldfb,1,1,68,5159,competitor
4702-ioqdc,3,1,91,2007,competitor
6178-kfnhs,1,1,91,3545,competitor
1264-bywms,1,1,82,4089,competitor
9658-wyufb,1,1,66,2825,competitor
2013-sgdxk,1,1,78,2172,competitor
3506-lcjdc,1,1,76,4860,price
3934-hxcfz,1,1,76,5338,dissatisfaction
7666-wkron,3,1,85,2224,dissatisfaction
4910-aqffx,3,1,93,4533,dissatisfaction
2154-kvjff,3,1,65,2813,dissatisfaction
9647-ergbe,1,1,91,4664,competitor
3428-xzmaz,2,1,91,5796,price
0378-tovms,1,1,89,5641,competitor
4355-hbjhh,1,1,77,6289,price
0318-quuob,1,1,91,4273,competitor
5520-fvewj,1,1,84,4154,competitor
5572-zdxhy,1,1,85,5313,competitor
3750-ckvkh,2,1,71,2299,other
4547-kqrtm,1,1,76,3740,competitor
4877-evatk,2,1,83,3657,attitude
7639-supcw,1,1,91,2270,competitor
4658-hcohw,1,1,91,3123,competitor
3440-jpscl,2,1,87,3722,competitor
2889-fpwrm,2,1,91,4432,competitor
4290-bsxux,1,1,87,5036,competitor
0325-xbfac,1,1,94,5811,competitor
2462-xiijb,2,1,73,2810,competitor
4760-xohvn,2,1,84,2865,competitor
7817-boqpw,2,1,77,4320,competitor
1853-udxbw,2,1,85,2485,price
5458-cqjta,1,1,89,5207,dissatisfaction
5219-yiptk,1,1,71,3185,dissatisfaction
3540-rzjyu,1,1,90,5829,dissatisfaction
2091-mjtfx,3,1,79,4568,dissatisfaction
0883-eibti,3,1,82,2484,dissatisfaction
7571-yxdad,1,1,93,2078,price
3393-fmzpv,1,1,74,2195,price
7486-ksrvi,1,1,93,4760,dissatisfaction
8443-wvpss,1,1,69,4243,dissatisfaction
3006-ximln,2,1,79,5299,dissatisfaction
6305-ylbmm,3,1,91,4254,attitude
3647-gmgdh,2,1,72,5615,attitude
6595-cokxz,3,1,65,4879,attitude
0362-zbzwj,1,1,69,2455,attitude
4211-mmazn,1,1,89,2959,attitude
4274-owwyo,3,1,66,5633,other
1541-etjzo,2,1,86,2937,other
4106-hadhq,1,1,76,2704,other
2369-uapkz,3,1,76,3131,other
0637-kvdlv,1,1,80,5944,other
6633-mpwbs,1,1,73,4336,competitor
8785-epncg,1,1,65,5671,competitor
5729-klzar,1,1,73,2961,competitor
1582-rafml,1,1,88,5654,competitor
8740-cryfy,2,1,75,2038,competitor
2962-xpmcq,2,1,81,2699,competitor
1678-fyzow,1,1,90,2448,competitor
8627-ehgip,2,1,91,3051,competitor
5480-tbgph,3,1,69,4811,competitor
8854-ccvsq,2,1,95,3788,competitor
0511-jteoy,2,1,91,5824,competitor
6532-ylwsi,3,1,78,4166,price
5175-aobhi,1,1,90,5246,dissatisfaction
5174-rngbh,3,1,67,5515,dissatisfaction
7270-bdioa,2,1,95,4739,dissatisfaction
9565-jsnfm,3,1,82,5437,price
0607-daahe,3,1,66,6265,price
9732-kpkbw,1,1,90,2771,price
9560-argqj,1,1,83,2335,dissatisfaction
5134-ikday,3,1,96,2123,dissatisfaction
5380-afssk,1,1,92,5435,other
8714-euhjo,2,1,83,5219,dissatisfaction
3721-cneys,1,1,94,5390,dissatisfaction
2568-oiady,1,1,92,4233,competitor
1193-rtslk,1,1,82,2157,competitor
5923-gxuoc,1,1,84,5035,competitor
4432-adrlb,1,1,91,4655,competitor
8993-phfwd,1,1,76,2088,competitor
1565-rhdjd,3,1,95,5552,competitor
3765-jxvky,1,1,75,4692,competitor
7330-wzlnc,3,1,73,5090,competitor
6635-myyyz,2,1,73,2313,competitor
5378-ikeeg,3,1,70,3351,price
6413-xkkpu,1,1,96,2544,dissatisfaction
1449-xqemt,1,1,79,4323,price
2626-urjfx,3,1,69,5691,dissatisfaction
2612-rridn,2,1,88,3591,dissatisfaction
4735-asgma,1,1,91,4997,competitor
3669-lvwzb,2,1,86,4630,price
6892-ezdtg,2,1,90,2140,price
9725-scpzg,3,1,80,5086,price
5884-gcymi,1,1,91,2847,competitor
7853-gvudz,2,1,70,4277,price
3943-kdree,2,1,76,2934,other
9239-zbzzv,1,1,80,2240,competitor
4398-hscjh,1,1,70,3155,competitor
4430-uzipo,1,1,91,5825,competitor
4855-snkmy,3,1,70,5955,competitor
8008-hawed,1,1,82,4883,competitor
1502-xfcvr,1,1,82,5902,competitor
9692-tusxh,1,1,90,5581,competitor
7912-syrqt,2,1,96,5514,competitor
8292-tyspy,2,1,73,4539,competitor
1867-bdvfh,2,1,80,5075,competitor
2359-qwqul,2,1,68,2371,competitor
9103-tcihj,2,1,73,4519,price
4140-wjaww,1,1,91,3799,price
6653-cbbom,1,1,88,5963,dissatisfaction
6101-imrmm,2,1,91,3469,dissatisfaction
8943-urtmr,2,1,91,5082,price
2955-psxoe,2,1,91,3061,price
7762-urzqh,2,1,83,5602,dissatisfaction
6907-nzzij,1,1,75,4188,competitor
2911-urefd,1,1,67,5632,dissatisfaction
3744-zrrdz,1,1,90,2902,dissatisfaction
5673-tiyib,3,1,86,3620,other
1602-ijqqe,1,1,92,2220,competitor
4628-wqcqq,1,1,81,5928,competitor
1644-irksf,3,1,76,5080,attitude
3705-psngl,3,1,87,5398,price
2606-rmdhz,1,1,93,4667,competitor
6861-okbce,2,1,95,4500,attitude
9940-rhlfb,1,1,66,2176,competitor
1383-ezrwl,2,1,89,5595,other
4759-trplw,1,1,70,4238,competitor
8563-iioxk,1,1,75,5651,competitor
2982-vpsgi,1,1,67,2120,competitor
8199-zllsa,1,1,91,6255,competitor
4625-ewptf,1,1,94,4549,competitor
5980-noplp,2,1,87,5606,competitor
9874-qlclh,1,1,79,2365,competitor
6000-apylu,3,1,90,3890,competitor
0947-idhrq,2,1,75,3949,competitor
9048-jvyvf,2,1,91,3520,other
1902-xbtfb,2,1,91,5438,dissatisfaction
2794-ximmo,2,1,91,5650,price
8382-shqeh,1,1,85,2656,price
2983-zanrp,1,1,90,5799,competitor
7845-urhjn,3,1,91,4785,price
3034-zbeqn,2,1,90,5995,dissatisfaction
0302-joivn,2,1,76,2750,competitor
5366-ijeqj,1,1,86,4115,other
1981-inrfu,3,1,91,5172,competitor
4971-puyqo,2,1,89,4464,competitor
1527-sxdpn,3,1,90,4751,competitor
8634-cilsz,3,1,71,6350,competitor
6682-qjdgb,1,1,65,2810,competitor
8780-ixsts,1,1,71,5656,competitor
9530-ehpoh,1,1,91,3407,competitor
0345-hkjvm,1,1,91,5800,other
3049-solay,1,1,86,4176,competitor
3235-etoob,2,1,88,3683,competitor
8058-intph,3,1,71,2119,competitor
8821-xnhvz,3,1,82,2943,competitor
2082-ojvtk,1,1,91,5292,competitor
5940-nfxkv,2,1,88,3427,competitor
8053-wwdro,3,1,67,5579,competitor
9564-kclhr,1,1,94,2180,competitor
2082-ceflt,1,1,88,3037,competitor
1213-ngcun,2,1,88,4248,dissatisfaction
5688-kztsn,1,1,73,4672,competitor
2894-qojrx,1,1,93,5024,competitor
3143-jqegi,2,1,81,3740,competitor
6386-szzkh,2,1,92,5785,competitor
3521-syvor,1,1,80,5554,attitude
9526-jawyf,1,1,71,3452,competitor
5649-vukmc,2,1,88,3538,competitor
4919-ikaty,1,1,91,5141,competitor
9050-qlroh,1,1,89,2931,competitor
0877-sdmbn,3,1,91,6117,competitor
8065-ykxkd,1,1,69,5578,other
9637-eiheq,2,1,68,4535,competitor
9689-ptnpg,1,1,80,5055,competitor
9465-rwmxl,3,1,90,5949,competitor
2362-ibooy,3,1,76,5272,competitor
0843-wtbxe,1,1,90,4753,other
5515-idejj,1,1,67,5441,competitor
5376-deqcp,3,1,85,4063,competitor
9095-hfafx,2,1,96,3718,competitor
2379-enzgv,2,1,72,3420,competitor
2722-vojql,1,1,91,4870,other
5228-excet,1,1,85,5964,competitor
7394-fkdnk,2,1,91,4971,competitor
6331-lwdtq,2,1,91,2457,dissatisfaction
1597-fzreh,2,1,91,3005,price
0727-iwkvk,2,1,91,4748,price
3512-izikn,1,1,85,5591,dissatisfaction
6141-ooxuq,2,1,69,5717,dissatisfaction
7503-zguzj,1,1,79,4261,dissatisfaction
8718-ptmez,2,1,90,5131,other
2207-obznx,1,1,90,3736,attitude
6142-vsjqo,2,1,90,4599,attitude
6437-ukhmv,2,1,91,3109,attitude
1114-cenim,1,1,84,5282,other
6289-cpnld,1,1,73,5374,competitor
5536-slhpm,2,1,79,4398,competitor
8837-vvwlq,1,1,81,4437,other
2696-nartr,2,1,66,3634,other
7614-qvwql,2,1,67,5375,other
1809-dmjhq,1,1,85,4846,competitor
6923-efpnl,1,1,83,3865,competitor
9574-rkjif,1,1,71,2792,competitor
2619-wfqwu,3,1,96,3208,competitor
0778-nella,1,1,95,5352,competitor
4614-nuvzd,3,1,85,2075,competitor
3803-kmqfw,3,1,78,3797,attitude
6804-gdmoi,3,1,68,4183,competitor
9572-mtilt,1,1,81,4508,competitor
9611-ctwih,3,1,84,3591,competitor
0329-gtiaj,3,1,86,4330,price
6629-cztth,1,1,79,4629,dissatisfaction
5364-evnib,2,1,75,5067,dissatisfaction
5087-suurx,3,1,66,2601,dissatisfaction
4929-bstrx,1,1,79,2326,price
2225-zrgsg,1,1,95,6173,price
5271-ynwvr,1,1,90,4610,price
6330-jklpc,1,1,75,5119,dissatisfaction
4667-ohgkg,3,1,91,4266,dissatisfaction
1660-hsooq,3,1,90,5338,dissatisfaction
7253-uvndw,3,1,83,2793,dissatisfaction
7228-omtpn,3,1,91,2456,other
2344-jmogn,2,1,72,3016,other
3799-isuzq,2,1,90,3296,dissatisfaction
1794-hbqtj,1,1,83,4207,dissatisfaction
4818-drbqt,3,1,83,5189,attitude
1320-htrdr,2,1,79,5948,attitude
1493-amtie,1,1,87,5394,price
6424-eleyh,1,1,65,3972,competitor
4391-reshn,1,1,93,5963,competitor
6821-buxux,1,1,65,2110,competitor
9801-gdwgv,2,1,83,4811,competitor
2320-jrsde,3,1,73,4633,attitude
0601-wzhjf,3,1,76,5360,attitude
5143-wmwog,2,1,83,2051,attitude
5393-rxqsz,3,1,91,2199,attitude
0231-lxvap,3,1,66,3389,competitor
9444-jtxhz,3,1,83,5973,other
5510-boiuj,3,1,80,5437,attitude
4471-kxauh,3,1,91,2514,attitude
7638-qvmvy,2,1,92,3735,attitude
3244-dcjwy,1,1,89,4133,competitor
7812-fzhpe,1,1,86,4648,price
4797-axpxk,1,1,93,4531,attitude
5229-prwkt,3,1,80,4193,attitude
5057-lcoui,3,1,94,4119,attitude
0156-fvpta,2,1,87,5102,attitude
1984-fcowb,2,1,91,4191,attitude
0654-hmshn,2,1,77,3796,attitude
5196-sgoak,3,1,93,4884,attitude
6108-oqzdq,3,1,72,2570,attitude
0363-qjvfx,1,1,69,2541,attitude
9840-dvndc,2,1,96,2181,attitude
8042-jvnfh,3,1,92,5730,attitude
3374-lxdev,1,1,75,2226,competitor
5049-glyvg,1,1,90,3618,price
5883-gtgvd,1,1,76,3670,competitor
4817-qrjsx,2,1,95,2946,attitude
9985-mwvix,1,1,90,5773,competitor
2237-zfsmy,1,1,73,2767,attitude
6711-vtnre,1,1,92,2558,competitor
4548-sdbke,3,1,87,4109,attitude
8066-poxgx,3,1,79,3104,attitude
4143-oobwz,2,1,91,3819,attitude
7854-ektjl,3,1,66,2843,attitude
9102-iayht,3,1,94,3670,attitude
3422-lyepq,2,1,89,4207,attitude
4361-jeivl,3,1,82,4067,attitude
9507-exltt,2,1,77,3492,attitude
9846-gkxas,3,1,70,2578,attitude
6017-pplpx,1,1,87,4773,competitor
4581-sspwd,1,1,93,5475,competitor
0378-nhqxu,2,1,68,4041,other
4512-zuiyl,3,1,81,2928,other
7969-aulmz,3,1,89,4321,other
0568-onfpc,1,1,83,2102,other
0733-vunuw,1,1,90,4126,competitor
4550-evxny,2,1,77,2418,competitor
2968-ssgaa,1,1,77,4001,competitor
6777-tghtm,1,1,90,5550,competitor
3538-wzphd,1,1,76,2734,competitor
8610-wfcjf,1,1,69,5732,competitor
4905-jefdw,2,1,81,3119,competitor
7881-inrlc,1,1,70,4898,competitor
0117-lfrmw,2,1,80,3627,competitor
6172-fecyy,3,1,85,4639,competitor
4786-uksnz,2,1,91,5418,competitor
4192-gorjt,1,1,77,4580,competitor
7240-etptr,2,1,90,4359,price
2202-cuyxz,1,1,77,3086,competitor
5995-oiglp,1,1,90,3043,price
6261-rcvns,2,1,71,2774,price
7951-qkzpl,3,1,77,5194,price
3640-phqxk,2,1,85,2031,dissatisfaction
8019-enhxu,2,1,96,4624,dissatisfaction
9033-eoxwv,3,1,94,4149,other
1522-vvdmg,2,1,90,3807,dissatisfaction
9185-tqcvp,2,1,91,4550,dissatisfaction
8063-rjynf,1,1,73,2827,competitor
0687-zvthb,1,1,68,4415,competitor
9661-acxbs,1,1,89,2317,competitor
3727-rjmeo,1,1,78,4458,competitor
5685-iixly,3,1,93,4565,competitor
4250-zbwlv,3,1,65,4454,competitor
5095-aeskg,3,1,76,5646,competitor
1871-mowrm,1,1,87,4306,competitor
2027-oaqqc,1,1,92,4044,competitor
1555-djeqw,1,1,73,5947,price
0519-xuzju,2,1,93,3963,dissatisfaction
6338-avwcy,3,1,75,4710,competitor
9445-szlch,2,1,86,4544,dissatisfaction
7568-podml,1,1,69,4954,competitor
5349-iecld,1,1,87,4493,competitor
3945-gfwql,3,1,89,4162,price
3797-vtidr,2,1,90,4517,price
9526-bihhd,1,1,74,3383,dissatisfaction
4523-wxcef,2,1,87,4160,dissatisfaction
8364-trmmk,1,1,76,2876,dissatisfaction
3063-qfszl,1,1,70,2294,competitor
9249-fxsck,1,1,90,4861,competitor
5493-sdrdq,1,1,70,4235,competitor
0871-uruwo,1,1,66,2003,competitor
0870-vemyl,1,1,74,5435,competitor
3982-xwfzq,2,1,90,4873,competitor
4009-alqfh,3,1,90,5932,competitor
3627-fcrdw,3,1,81,2236,competitor
7562-gsuhk,1,1,75,5497,competitor
4903-uyavb,1,1,90,3864,competitor
6776-tlwoi,1,1,93,2158,price
4077-cromm,1,1,68,5000,dissatisfaction
2868-mzagq,1,1,83,5533,dissatisfaction
4847-qnoka,2,1,76,2632,dissatisfaction
6379-rxjrq,2,1,92,2457,dissatisfaction
8650-rhrke,3,1,71,4207,dissatisfaction
0475-rijep,1,1,91,5107,price
1260-ttrxi,2,1,87,5834,price
4789-kwmxn,1,1,90,3344,price
2867-uimss,1,1,85,2734,dissatisfaction
8111-rkspx,2,1,89,5668,dissatisfaction
1585-mqssu,1,1,94,5659,dissatisfaction
8559-cizfv,2,1,74,5353,other
7547-eknfs,1,1,89,2075,attitude
4439-jmpmt,1,1,71,3608,attitude
2575-gfsoe,2,1,65,5672,attitude
2842-jtccu,3,1,72,4662,attitude
9681-oxgvc,3,1,85,5180,competitor
7153-oanio,1,1,79,5066,other
6521-yytyi,3,1,65,2578,other
8878-hmwbv,1,1,68,5598,competitor
3751-ktzel,1,1,89,3706,competitor
0328-grpmv,1,1,84,3706,competitor
4195-smmnx,2,1,65,5627,attitude
6956-smucm,1,1,77,5236,competitor
3223-wzwjm,1,1,85,5869,competitor
9053-jzfkv,2,1,82,4495,other
2530-endwq,3,1,91,4296,competitor
6615-zgedr,2,1,90,5707,attitude
9250-wypll,2,1,79,4600,competitor
2754-xbhtb,2,1,96,3847,competitor
7055-vkgda,1,1,87,4406,dissatisfaction
0754-ukwqp,1,1,66,3790,competitor
7493-tpuwz,1,1,85,4243,competitor
1577-hktfg,1,1,79,2486,attitude
8752-stivr,3,1,69,2085,dissatisfaction
4558-fantw,1,1,89,5643,price
7623-trnqn,2,1,72,3113,price
9330-ijwio,1,1,69,2008,price
1842-ezjmk,1,1,82,5897,competitor
8079-xrjrs,1,1,72,6110,dissatisfaction
8073-ijdcm,3,1,67,3830,price
2869-adawr,2,1,90,4880,dissatisfaction
9894-ezewg,1,1,69,5996,competitor
7851-flggq,1,1,66,3704,competitor
0637-ubjrp,1,1,77,4745,competitor
0940-ouqec,1,1,77,3492,competitor
0702-pgibz,2,1,91,2777,competitor
1963-vaukv,3,1,92,3663,price
3058-hjcuy,1,1,84,2098,competitor
3259-fdwoy,3,1,81,4072,competitor
0807-zabdg,1,1,90,4412,competitor
5748-rncjt,3,1,81,4859,competitor
7739-laxog,1,1,80,3590,competitor
6034-zrycv,3,1,66,4481,competitor
2079-fbmzk,1,1,77,5816,competitor
6608-qqlvk,3,1,83,2077,competitor
6302-jgyrj,1,1,67,2872,dissatisfaction
3685-ylcmq,2,1,66,5411,dissatisfaction
8761-nsobc,2,1,81,3486,dissatisfaction
8413-vonuo,3,1,82,5332,dissatisfaction
9223-ucpvt,3,1,77,5764,price
4351-qlcsu,1,1,91,3809,price
5419-jprrn,1,1,77,4390,price
2100-bdnsn,3,1,69,3889,price
0488-gslfr,1,1,91,3365,dissatisfaction
9318-nknfc,1,1,90,4132,dissatisfaction
9728-fttvz,3,1,82,4073,dissatisfaction
7254-iqwoz,1,1,67,5258,dissatisfaction
0742-nxbgr,1,1,71,4278,competitor
6110-ohihy,2,1,89,4183,competitor
5889-lfoll,1,1,77,2659,competitor
5708-evonk,1,1,73,5989,other
8708-xpxhz,1,1,95,5458,competitor
7016-bpgeu,1,1,81,2796,competitor
6876-adesb,1,1,65,3913,competitor
1963-svucv,2,1,78,5774,competitor
0220-ebgce,1,1,67,3273,competitor
2754-vdltr,2,1,69,4922,competitor
3190-xfani,2,1,82,5585,competitor
7551-dacsp,2,1,91,3878,competitor
0520-fdvvt,3,1,80,2473,price
1444-vvsgw,2,1,91,5563,dissatisfaction
5712-ptiww,2,1,91,3280,dissatisfaction
3315-totbp,1,1,74,4938,dissatisfaction
1518-vowav,1,1,90,5900,competitor
5909-echui,1,1,71,3065,price
1309-bxvoq,1,1,69,3584,price
2856-hyapg,2,1,91,3052,price
4488-psycg,1,1,83,4327,price
6906-andwj,2,1,90,2510,dissatisfaction
1031-iideo,3,1,72,2874,dissatisfaction
5832-xkaes,1,1,74,2320,other
4701-ahwmw,1,1,69,6041,attitude
9210-iahgh,1,1,84,2248,attitude
0023-xuopt,1,1,75,2973,other
4592-iwtji,1,1,84,2613,attitude
6518-lgaov,1,1,92,2341,other
7242-qzlxf,2,1,91,5421,competitor
4576-csajh,3,1,90,5866,competitor
1000-ajsld,1,1,90,4389,competitor
1062-lhzod,1,1,90,2100,competitor
9600-naxzn,1,1,90,3370,competitor
6457-usber,3,1,90,4424,competitor
4662-ekdpq,1,1,90,5344,competitor
9259-pacgq,1,1,91,3918,competitor
4415-ijztp,1,1,69,2016,competitor
1465-vindh,3,1,78,3596,competitor
2810-ftlem,2,1,69,4254,competitor
1925-tible,1,1,74,3887,competitor
1447-giqmr,2,1,87,4179,competitor
0872-nxjys,1,1,81,3246,competitor
9412-argbx,2,1,90,2459,competitor
2737-wfvyw,1,1,74,4566,dissatisfaction
9850-owrhq,1,1,69,5657,dissatisfaction
8676-trmjs,1,1,88,3190,dissatisfaction
8182-pnagi,1,1,67,3624,price
2180-dxneg,1,1,89,5239,dissatisfaction
5515-akoaj,1,1,75,5763,dissatisfaction
8976-oqhgt,2,1,91,5758,dissatisfaction
5294-cdgwy,1,1,95,5633,other
5295-pcjoo,1,1,84,4455,other
9863-jzaic,1,1,91,2220,other
7660-hdpjv,2,1,81,2637,dissatisfaction
7931-pxhfc,3,1,83,3818,dissatisfaction
4919-moavt,2,1,84,2421,competitor
3090-hawsu,1,1,87,4495,competitor
9820-rmcqv,1,1,92,4444,competitor
7839-qrkxn,1,1,69,4197,price
5204-qzxpu,1,1,78,2933,competitor
4597-elfts,3,1,92,5327,attitude
8450-jovah,1,1,77,5560,competitor
1113-iujyx,1,1,84,5887,competitor
7758-xkcbs,1,1,82,5518,competitor
8992-jqyun,1,1,65,4526,competitor
0617-aqnwt,1,1,66,6347,competitor
2446-plqvo,2,1,78,4512,other
8784-cgiln,1,1,91,3068,dissatisfaction
9451-lpgoo,2,1,66,3780,competitor
2025-jkfwi,1,1,81,3493,price
4078-sayyn,2,1,65,2229,price
9940-hpqpg,1,1,91,4176,price
6618-ryatb,2,1,93,5571,price
9079-yexqj,1,1,93,5527,dissatisfaction
2685-sreom,1,1,96,4793,competitor
0402-cqajn,3,1,83,4437,dissatisfaction
6692-udpjc,3,1,65,4304,dissatisfaction
0295-pphdo,1,1,71,5962,competitor
1195-oiyej,2,1,78,5347,attitude
5906-cvlhp,2,1,92,2761,attitude
4501-eqdrn,2,1,91,4620,attitude
2990-hwiml,1,1,82,2898,competitor
7384-ghbpi,2,1,83,2987,attitude
7603-ushjs,3,1,78,2010,attitude
5876-hzvzm,1,1,87,4914,attitude
3085-quozk,3,1,76,3238,attitude
3926-cuqzx,3,1,77,4884,other
1041-rxhra,3,1,69,3407,attitude
1750-cskkm,1,1,70,2688,competitor
8267-znyvz,1,1,81,3824,attitude
6457-girwb,2,1,88,2843,attitude
1450-skcvi,3,1,72,5276,attitude
5570-ptweh,2,1,78,2270,attitude
6502-mjqae,1,1,87,2072,competitor
7693-lckzl,1,1,84,5124,competitor
0032-pgels,1,1,74,5171,attitude
6797-lnaqx,2,1,91,4794,competitor
6394-mfyng,2,1,89,4956,attitude
8155-ibnhg,3,1,74,2325,attitude
4745-lsplo,2,1,84,3731,attitude
8083-ytzes,1,1,73,3622,attitude
3976-bwuck,3,1,94,5255,competitor
3585-isxzp,3,1,95,5335,attitude
4174-lpgti,3,1,65,2517,other
2108-xwmpy,1,1,70,2095,other
6304-ijfsq,3,1,73,5585,other
0093-xwzfy,1,1,93,2832,competitor
7703-zekef,2,1,78,5701,competitor
5482-nupna,1,1,90,5730,competitor
1122-jwtjw,1,1,82,3463,competitor
1699-hpsbg,3,1,69,4581,competitor
8775-cebbj,2,1,87,2029,competitor
0639-tsiqw,1,1,70,5620,competitor
